{
  "cid": "mbDev",
  "aws_project_region": "ap-southeast-2",
  "aws_content_delivery_bucket": "embrace-20200110073637-hostingbucket-dev",
  "aws_content_delivery_bucket_region": "ap-southeast-2",
  "aws_content_delivery_url": "http://embrace-20200110073637-hostingbucket-dev.s3-website-ap-southeast-2.amazonaws.com",
  "aws_cognito_identity_pool_id": "ap-southeast-2:dfdbc4e3-8ce4-40e3-b713-4831471c19e2",
  "aws_cognito_region": "ap-southeast-2",
  "aws_user_pools_id": "ap-southeast-2_zp9WD9IZ8",
  "aws_user_pools_web_client_id": "57vk11fcl0f6kf0uneonnqqcqe",
  "oauth": {
    "domain": "mb-dev.auth.ap-southeast-2.amazoncognito.com",
    "scope": ["email", "openid", "phone", "profile"],
    "redirectSignIn": "http://localhost:3000/auth/sign-in/",
    "redirectSignOut": "http://localhost:3000/auth/sign-out/",
    "responseType": "code"
  },
  "federationTarget": "COGNITO_USER_POOLS",
  "aws_appsync_graphqlEndpoint": "https://4bvb3mj5ezbpfel5xhxi3ep7z4.appsync-api.ap-southeast-2.amazonaws.com/graphql",
  "aws_appsync_region": "ap-southeast-2",
  "aws_appsync_authenticationType": "AMAZON_COGNITO_USER_POOLS",
  "aws_appsync_apiKey": "...",
  "aws_cloud_logic_custom": [
    {
      "name": "embraceRestApi",
      "endpoint": "https://9ygrxcv6c6.execute-api.ap-southeast-2.amazonaws.com/dev",
      "region": "ap-southeast-2"
    }
  ],
  "aws_user_files_s3_bucket": "mb-embrace-s3-dev",
  "aws_user_files_s3_bucket_region": "ap-southeast-2"
}
