[
  {
      "name": "Aurukun Shire Council",
      "suburbs": [
          "aurukun"
      ]
  },
  {
      "name": "Balonne Shire Council",
      "suburbs": [
          "bollon",
          "dirranbandi",
          "hebel",
          "mungindi",
          "st george",
          "thallon"
      ]
  },
  {
      "name": "Banana Shire Council",
      "suburbs": [
          "alberta",
          "banana",
          "baralaba",
          "baroondah",
          "biloela",
          "broadmere",
          "callide",
          "camboon",
          "castle creek",
          "cockatoo",
          "coorada",
          "cracow",
          "dakenba",
          "dixalea",
          "dululu",
          "dumgree",
          "dumpy creek",
          "eurombah",
          "ghinghinda",
          "glebe",
          "glenhaughton",
          "glenmoral",
          "goovigen",
          "greycliffe",
          "gwambegwine",
          "isla",
          "jambin",
          "kianga",
          "kinnoul",
          "kokotungo",
          "lawgi dawes",
          "lonesome creek",
          "mount murchison",
          "moura",
          "orange creek",
          "pheasant creek",
          "prospect",
          "roundstone",
          "spring creek",
          "taroom",
          "tarramba",
          "thangool",
          "theodore",
          "ulogie",
          "valentine plains",
          "warnoah",
          "westwood",
          "woolein",
          "wowan"
      ]
  },
  {
      "name": "Barcaldine Regional Council",
      "suburbs": [
          "alpha",
          "aramac",
          "bangall",
          "barcaldine",
          "barcaldine downs",
          "beaufort",
          "cornish creek",
          "drummondslope",
          "dunrobin",
          "evora",
          "galilee",
          "garfield",
          "grant",
          "hobartville",
          "home creek",
          "ibis",
          "ingberry",
          "jericho",
          "mexico",
          "moombria",
          "muttaburra",
          "narbethong",
          "patrick",
          "pelican creek",
          "pine hill",
          "port wine",
          "saltern creek",
          "sardine",
          "sedgeford",
          "surbiton",
          "tablederry",
          "tara station",
          "upland",
          "upper cornish creek"
      ]
  },
  {
      "name": "Barcoo Shire Council",
      "suburbs": [
          "farrars creek",
          "jundah",
          "stonehenge",
          "tanbar",
          "windorah"
      ]
  },
  {
      "name": "Blackall Tambo Regional Council",
      "suburbs": [
          "bayrick",
          "blackall",
          "caldervale",
          "lansdowne",
          "lumeah",
          "macfarlane",
          "minnie downs",
          "mount enniskillen",
          "scrubby creek",
          "tambo",
          "windeyer",
          "yandarlo"
      ]
  },
  {
      "name": "Boulia Shire Council",
      "suburbs": [
          "amaroo",
          "boulia",
          "buckingham",
          "carrandotta",
          "georgina",
          "min min",
          "piturie",
          "sturt",
          "toko",
          "warburton",
          "warenda",
          "waverley",
          "wills"
      ]
  },
  {
      "name": "Brisbane City Council",
      "suburbs": [
          "acacia ridge",
          "albion",
          "alderley",
          "algester",
          "annerley",
          "anstead",
          "archerfield",
          "ascot",
          "ashgrove",
          "aspley",
          "auchenflower",
          "bald hills",
          "balmoral",
          "banks creek",
          "banyo",
          "bardon",
          "bellbowrie",
          "belmont",
          "boondall",
          "bowen hills",
          "bracken ridge",
          "bridgeman downs",
          "brighton",
          "brisbane airport",
          "brisbane city",
          "brookfield",
          "bulimba",
          "bulwer",
          "burbank",
          "calamvale",
          "camp hill",
          "cannon hill",
          "carina",
          "carina heights",
          "carindale",
          "carseldine",
          "chandler",
          "chapel hill",
          "chelmer",
          "chermside",
          "chermside west",
          "chuwar",
          "clayfield",
          "coopers plains",
          "coorparoo",
          "corinda",
          "cowan cowan",
          "darra",
          "deagon",
          "doolandella",
          "drewvale",
          "durack",
          "dutton park",
          "eagle farm",
          "east brisbane",
          "eight mile plains",
          "ellen grove",
          "england creek",
          "enoggera",
          "enoggera reservoir",
          "everton park",
          "fairfield",
          "ferny grove",
          "fig tree pocket",
          "fitzgibbon",
          "forest lake",
          "fortitude valley",
          "gaythorne",
          "geebung",
          "gordon park",
          "graceville",
          "grange",
          "greenslopes",
          "gumdale",
          "hamilton",
          "hawthorne",
          "heathwood",
          "hemmant",
          "hendra",
          "herston",
          "highgate hill",
          "holland park",
          "holland park west",
          "inala",
          "indooroopilly",
          "jamboree heights",
          "jindalee",
          "kalinga",
          "kangaroo point",
          "karana downs",
          "karawatha",
          "kedron",
          "kelvin grove",
          "kenmore",
          "kenmore hills",
          "keperra",
          "kholo",
          "kooringal",
          "kuraby",
          "lake manchester",
          "larapinta",
          "lota",
          "lutwyche",
          "lytton",
          "macgregor",
          "mackenzie",
          "manly",
          "manly west",
          "mansfield",
          "mcdowall",
          "middle park",
          "milton",
          "mitchelton",
          "moggill",
          "moorooka",
          "moreton bay",
          "moreton island",
          "morningside",
          "mount coot-tha",
          "mount crosby",
          "mount gravatt",
          "mount gravatt east",
          "mount ommaney",
          "murarrie",
          "nathan",
          "new farm",
          "newmarket",
          "newstead",
          "norman park",
          "northgate",
          "nudgee",
          "nudgee beach",
          "nundah",
          "oxley",
          "paddington",
          "pallara",
          "parkinson",
          "petrie terrace",
          "pinjarra hills",
          "pinkenba",
          "port of brisbane",
          "pullenvale",
          "ransome",
          "red hill",
          "richlands",
          "riverhills",
          "robertson",
          "rochedale",
          "rocklea",
          "runcorn",
          "salisbury",
          "sandgate",
          "seven hills",
          "seventeen mile rocks",
          "sherwood",
          "shorncliffe",
          "sinnamon park",
          "south brisbane",
          "spring hill",
          "st lucia",
          "stafford",
          "stafford heights",
          "stones corner",
          "stretton",
          "sumner",
          "sunnybank",
          "sunnybank hills",
          "taigum",
          "taringa",
          "tarragindi",
          "teneriffe",
          "tennyson",
          "the gap",
          "tingalpa",
          "toowong",
          "upper brookfield",
          "upper kedron",
          "upper mount gravatt",
          "virginia",
          "wacol",
          "wakerley",
          "wavell heights",
          "west end",
          "westlake",
          "willawong",
          "wilston",
          "windsor",
          "wishart",
          "woolloongabba",
          "wooloowin",
          "wynnum",
          "wynnum west",
          "yeerongpilly",
          "yeronga",
          "zillmere"
      ]
  },
  {
      "name": "Bulloo Shire Council",
      "suburbs": [
          "bullawarra",
          "bulloo downs",
          "cameron corner",
          "durham",
          "dynevor",
          "hungerford",
          "nockatunga",
          "norley",
          "thargomindah"
      ]
  },
  {
      "name": "Bundaberg Regional Council",
      "suburbs": [
          "abbotsford",
          "abington",
          "alloway",
          "apple tree creek",
          "ashfield",
          "avenell heights",
          "avoca",
          "avondale",
          "bargara",
          "boolboonda",
          "booyal",
          "branyan",
          "bucca",
          "bullyard",
          "bundaberg central",
          "bundaberg east",
          "bundaberg north",
          "bundaberg south",
          "bundaberg west",
          "bungadoo",
          "burnett heads",
          "buxton",
          "calavos",
          "childers",
          "coonarr",
          "coral cove",
          "cordalba",
          "dalga",
          "dalysford",
          "damascus",
          "delan",
          "doolbi",
          "doughboy",
          "drinan",
          "duingal",
          "electra",
          "elliott",
          "elliott heads",
          "eureka",
          "fairymead",
          "farnsfield",
          "gaeta",
          "gin gin",
          "givelda",
          "gooburrum",
          "good night",
          "goodwood",
          "gregory river",
          "horse camp",
          "horton",
          "innes park",
          "isis central",
          "isis river",
          "kalkie",
          "kalpowar",
          "kensington",
          "kepnock",
          "kinkuna",
          "kolonga",
          "kullogum",
          "lake monduran",
          "maroondan",
          "mcilwraith",
          "meadowvale",
          "miara",
          "millbank",
          "molangul",
          "mon repos",
          "monduran",
          "moolboolaman",
          "moore park beach",
          "moorland",
          "morganville",
          "mullett creek",
          "nearum",
          "new moonta",
          "north gregory",
          "north isis",
          "norville",
          "oakwood",
          "pine creek",
          "promisedland",
          "qunaba",
          "redhill farms",
          "redridge",
          "rosedale",
          "rubyanna",
          "sharon",
          "skyring reserve",
          "south bingera",
          "south isis",
          "south kolan",
          "st agnes",
          "st kilda",
          "svensson heights",
          "takilberan",
          "thabeban",
          "tirroan",
          "walkervale",
          "wallaville",
          "watalgan",
          "waterloo",
          "welcome creek",
          "windermere",
          "winfield",
          "wonbah",
          "wonbah forest",
          "woodgate",
          "woongarra",
          "yandaran"
      ]
  },
  {
      "name": "Burdekin Shire Council",
      "suburbs": [
          "airdmillan",
          "airville",
          "alva",
          "ayr",
          "barratta",
          "brandon",
          "carstairs",
          "clare",
          "colevale",
          "cromarty",
          "dalbeg",
          "eight mile creek",
          "fredericksfield",
          "giru",
          "groper creek",
          "home hill",
          "horseshoe lagoon",
          "inkerman",
          "jarvisfield",
          "jerona",
          "kirknie",
          "majors creek",
          "mcdesme",
          "millaroo",
          "mona park",
          "mount kelly",
          "mount surround",
          "mulgrave",
          "osborne",
          "rangemore",
          "rita island",
          "shirbourne",
          "swans lagoon",
          "upper haughton",
          "wangaratta",
          "wunjunga"
      ]
  },
  {
      "name": "Burke Shire Council",
      "suburbs": [
          "burketown",
          "gidya",
          "gregory",
          "lawn hill",
          "nicholson"
      ]
  },
  {
      "name": "Cairns Regional Council",
      "suburbs": [
          "aeroglen",
          "aloomba",
          "babinda",
          "barron",
          "barron gorge",
          "bartle frere",
          "bayview heights",
          "bellenden ker",
          "bentley park",
          "bramston beach",
          "brinsmead",
          "bungalow",
          "cairns city",
          "cairns north",
          "caravonica",
          "clifton beach",
          "deeral",
          "earlville",
          "east russell",
          "east trinity",
          "edge hill",
          "edmonton",
          "ellis beach",
          "eubenangee",
          "fishery falls",
          "fitzroy island",
          "freshwater",
          "glen boughton",
          "goldsborough",
          "gordonvale",
          "green hill",
          "green island",
          "holloways beach",
          "kamerunga",
          "kanimbla",
          "kewarra beach",
          "lamb range",
          "little mulgrave",
          "macalister range",
          "machans beach",
          "manoora",
          "manunda",
          "mirriwinni",
          "mooroobool",
          "mount peter",
          "mount sheridan",
          "ngatjan",
          "packers camp",
          "palm cove",
          "parramatta park",
          "portsmith",
          "redlynch",
          "smithfield",
          "stratford",
          "trinity beach",
          "trinity park",
          "waugh pocket",
          "westcourt",
          "white rock",
          "whitfield",
          "woopen creek",
          "wooroonooran",
          "woree",
          "wrights creek",
          "yorkeys knob"
      ]
  },
  {
      "name": "Carpentaria Shire Council",
      "suburbs": [
          "carpentaria",
          "fielding",
          "howitt",
          "karumba",
          "maramie",
          "normanton",
          "savannah",
          "stokes",
          "unnamed locality",
          "yagoonya"
      ]
  },
  {
      "name": "Cassowary Coast Regional Council",
      "suburbs": [
          "bamboo creek",
          "basilisk",
          "belvedere",
          "bilyana",
          "bingil bay",
          "birkalla",
          "bombeeta",
          "boogan",
          "bulgun",
          "camp creek",
          "cardstone",
          "cardwell",
          "carmoo",
          "carruchan",
          "coconuts",
          "comoon loop",
          "cooroo lands",
          "coorumba",
          "coquette point",
          "cowley",
          "cowley beach",
          "cowley creek",
          "cullinane",
          "currajah",
          "damper creek",
          "daradgee",
          "daveson",
          "dingo pocket",
          "djarawong",
          "djiru",
          "dunk",
          "east feluga",
          "east innisfail",
          "east palmerston",
          "eaton",
          "el arish",
          "ellerbeck",
          "etty bay",
          "eubenangee",
          "euramo",
          "feluga",
          "fitzgerald creek",
          "flying fish point",
          "friday pocket",
          "garners beach",
          "garradunga",
          "germantown",
          "goolboo",
          "goondi",
          "goondi bend",
          "goondi hill",
          "granadilla",
          "gulngai",
          "hinchinbrook",
          "hudson",
          "hull heads",
          "innisfail",
          "innisfail estate",
          "jaffa",
          "japoonvale",
          "jarra creek",
          "jubilee heights",
          "kennedy",
          "kooroomool",
          "kurrimine beach",
          "lower cowley",
          "lower tully",
          "lumholtz",
          "maadi",
          "mamu",
          "maria creeks",
          "martyville",
          "mccutcheon",
          "mena creek",
          "merryburn",
          "midgenoo",
          "midgeree bar",
          "mighell",
          "mission beach",
          "moresby",
          "mount mackay",
          "mourilyan",
          "mourilyan harbour",
          "mundoo",
          "munro plains",
          "murray upper",
          "murrigal",
          "nerada",
          "new harbourline",
          "ngatjan",
          "no. 4 branch",
          "no. 5 branch",
          "no. 6 branch",
          "o 'briens hill",
          "palmerston",
          "pin gin hill",
          "rockingham",
          "rungoo",
          "sandy pocket",
          "shell pocket",
          "silkwood",
          "silky oak",
          "south innisfail",
          "south johnstone",
          "south mission beach",
          "stockton",
          "stoters hill",
          "sundown",
          "tam o 'shanter",
          "tully",
          "tully heads",
          "upper daradgee",
          "utchee creek",
          "vasa views",
          "walter hill",
          "walter lever estate",
          "wangan",
          "wanjuru",
          "warrami",
          "warrubullen",
          "webb",
          "wongaling beach",
          "wooroonooran"
      ]
  },
  {
      "name": "Central Highlands Regional Council",
      "suburbs": [
          "albinia",
          "alsace",
          "arcadia valley",
          "arcturus",
          "argyll",
          "balcomba",
          "barnard",
          "bauhinia",
          "belcong",
          "bingegang",
          "blackdown",
          "blackwater",
          "bluff",
          "boolburra",
          "buckland",
          "bundoora",
          "cairdbeign",
          "capella",
          "carbine creek",
          "carnarvon park",
          "cheeseborough",
          "chirnside",
          "comet",
          "cona creek",
          "consuelo",
          "coomoo",
          "coorumbene",
          "cotherstone",
          "crinum",
          "dingo",
          "dromedary",
          "duaringa",
          "emerald",
          "fork lagoons",
          "gainsford",
          "gindie",
          "goomally",
          "goowarra",
          "gordonstone",
          "hibernia",
          "humboldt",
          "jellinbah",
          "khosh bulduk",
          "lilyvale",
          "lochington",
          "lowesby",
          "lowestoff",
          "mackenzie",
          "mantuan downs",
          "mimosa",
          "minerva",
          "mount macarthur",
          "mungabunda",
          "nandowrie",
          "oombabeer",
          "orion",
          "retro",
          "rewan",
          "rhydding",
          "rolleston",
          "springsure",
          "stewarton",
          "the gemfields",
          "theresa creek",
          "tieri",
          "togara",
          "wallaroo",
          "wealwandangie",
          "willows",
          "wooroona",
          "wyuna"
      ]
  },
  {
      "name": "Charters Towers Regional Council",
      "suburbs": [
          "alabama hill",
          "basalt",
          "black jack",
          "breddan",
          "broughton",
          "campaspe",
          "charters towers city",
          "columbia",
          "dotswood",
          "grand secret",
          "greenvale",
          "hervey range",
          "homestead",
          "llanarth",
          "millchester",
          "mingela",
          "mosman park",
          "paluma",
          "pentland",
          "queenton",
          "ravenswood",
          "reid river",
          "richmond hill",
          "seventy mile",
          "southern cross",
          "toll",
          "towers hill",
          "valley of lagoons"
      ]
  },
  {
      "name": "Cherbourg Aboriginal Shire Council",
      "suburbs": [
          "cherbourg"
      ]
  },
  {
      "name": "Cloncurry Shire Council",
      "suburbs": [
          "cloncurry",
          "dajarra",
          "duchess",
          "four ways",
          "kuridala",
          "selwyn",
          "three rivers"
      ]
  },
  {
      "name": "Cook Shire Council",
      "suburbs": [
          "archer river",
          "aurukun",
          "bloomfield",
          "coen",
          "cooktown",
          "dixie",
          "edward river",
          "gulf of carpentaria",
          "holroyd river",
          "hope vale",
          "iron range",
          "jardine river",
          "lakefield",
          "lakeland",
          "laura",
          "lockhart river",
          "mapoon",
          "mission river",
          "palmer",
          "rossville",
          "shelburne",
          "starcke",
          "wenlock",
          "yarraden"
      ]
  },
  {
      "name": "Croydon Shire Council",
      "suburbs": [
          "bellfield",
          "blackbull",
          "claraville",
          "coralie",
          "croydon",
          "east creek",
          "esmeralda",
          "karron",
          "victoria vale"
      ]
  },
  {
      "name": "Diamantina Shire Council",
      "suburbs": [
          "amaroo",
          "bedourie",
          "birdsville",
          "diamantina lakes",
          "sturt"
      ]
  },
  {
      "name": "Doomadgee Aboriginal Shire Council",
      "suburbs": [
          "doomadgee",
          "gangalidda"
      ]
  },
  {
      "name": "Douglas Shire Council",
      "suburbs": [
          "bamboo",
          "bloomfield",
          "bonnie doon",
          "cape tribulation",
          "cassowary",
          "cooya beach",
          "cow bay",
          "craiglie",
          "dagmar",
          "daintree",
          "dedin",
          "degarra",
          "diwan",
          "finlayvale",
          "forest creek",
          "killaloe",
          "kimberley",
          "low isles",
          "lower daintree",
          "miallo",
          "mossman",
          "mossman gorge",
          "mowbray",
          "newell",
          "noah",
          "oak beach",
          "port douglas",
          "rocky point",
          "shannonvale",
          "spurgeon",
          "stewart creek valley",
          "syndicate",
          "thornton beach",
          "upper daintree",
          "wangetti",
          "whyanbeel",
          "wonga beach"
      ]
  },
  {
      "name": "Etheridge Shire Council",
      "suburbs": [
          "abingdon downs",
          "conjuboy",
          "einasleigh",
          "forsayth",
          "georgetown",
          "gilbert river",
          "gilberton",
          "lyndhurst",
          "mount surprise",
          "northhead",
          "strathmore",
          "talaroo"
      ]
  },
  {
      "name": "Flinders Shire Council",
      "suburbs": [
          "dutton river",
          "hughenden",
          "porcupine",
          "prairie",
          "stamford",
          "tangorin",
          "torrens creek"
      ]
  },
  {
      "name": "Fraser Coast Regional Council",
      "suburbs": [
          "aldershot",
          "antigua",
          "aramara",
          "bauple",
          "bauple forest",
          "beaver rock",
          "beelbi creek",
          "bidwill",
          "boompa",
          "boonooroo",
          "boonooroo plains",
          "booral",
          "brooweena",
          "bunya creek",
          "burgowan",
          "burrum heads",
          "burrum river",
          "burrum town",
          "calgoa",
          "cherwell",
          "craignish",
          "doongul",
          "duckinwilla",
          "dundathu",
          "dundowran",
          "dundowran beach",
          "dunmora",
          "eli waters",
          "eurong",
          "ferney",
          "fraser island",
          "gigoomgan",
          "glenbar",
          "glenorchy",
          "glenwood",
          "gootchie",
          "grahams creek",
          "granville",
          "great sandy strait",
          "gunalda",
          "gundiah",
          "gungaloon",
          "howard",
          "island plantation",
          "kanigan",
          "kawungan",
          "maaroom",
          "magnolia",
          "malarga",
          "marodian",
          "maryborough",
          "maryborough west",
          "miva",
          "mount urah",
          "mungar",
          "munna creek",
          "neerdie",
          "netherby",
          "nikenbah",
          "north aramara",
          "oakhurst",
          "owanyilla",
          "pacific haven",
          "paterson",
          "pialba",
          "pilerwa",
          "pioneers rest",
          "point vernon",
          "poona",
          "prawle",
          "river heads",
          "scarness",
          "st helens",
          "st mary",
          "sunshine acres",
          "susan river",
          "takura",
          "talegalla weir",
          "tandora",
          "teddington",
          "teebar",
          "the dimonds",
          "theebine",
          "thinoomba",
          "tiaro",
          "tin can bay",
          "tinana",
          "tinana south",
          "tinnanbar",
          "toogoom",
          "toolara forest",
          "torbanlea",
          "torquay",
          "tuan",
          "tuan forest",
          "urangan",
          "urraween",
          "walkers point",
          "walliebum",
          "walligan",
          "wondunna",
          "woocoo",
          "yengarie",
          "yerra"
      ]
  },
  {
      "name": "Gladstone Regional Council",
      "suburbs": [
          "agnes water",
          "aldoga",
          "ambrose",
          "baffle creek",
          "barney point",
          "beecher",
          "benaraby",
          "berajondo",
          "bororen",
          "boyne island",
          "boyne valley",
          "boynedale",
          "bracewell",
          "burua",
          "byellee",
          "callemondah",
          "calliope",
          "captain creek",
          "clinton",
          "colosseum",
          "curtis island",
          "darts creek",
          "deepwater",
          "diglum",
          "east end",
          "euleilah",
          "eurimbula",
          "foreshores",
          "gindoran",
          "gladstone central",
          "gladstone harbour",
          "glen eden",
          "iveragh",
          "kin kora",
          "kirkwood",
          "lowmead",
          "machine creek",
          "miriam vale",
          "mount alma",
          "mount larcom",
          "mount maria",
          "mount tom",
          "new auckland",
          "o 'connell",
          "oyster creek",
          "raglan",
          "river ranch",
          "rodds bay",
          "rosedale",
          "round hill",
          "rules beach",
          "seventeen seventy",
          "south gladstone",
          "south trees",
          "sun valley",
          "tablelands",
          "tannum sands",
          "taragoola",
          "targinnie",
          "taunton",
          "telina",
          "the narrows",
          "toolooa",
          "turkey beach",
          "west gladstone",
          "west stowe",
          "wooderson",
          "wurdong heights",
          "yarwun"
      ]
  },
  {
      "name": "Gold Coast City Council",
      "suburbs": [
          "advancetown",
          "alberton",
          "arundel",
          "ashmore",
          "austinville",
          "benowa",
          "biggera waters",
          "bilinga",
          "bonogin",
          "broadbeach",
          "broadbeach waters",
          "bundall",
          "burleigh heads",
          "burleigh waters",
          "carrara",
          "cedar creek",
          "clagiraba",
          "clear island waters",
          "coolangatta",
          "coombabah",
          "coomera",
          "currumbin",
          "currumbin valley",
          "currumbin waters",
          "elanora",
          "gaven",
          "gilberton",
          "gilston",
          "guanaba",
          "helensvale",
          "highland park",
          "hollywell",
          "hope island",
          "jacobs well",
          "kingsholme",
          "labrador",
          "lower beechmont",
          "luscombe",
          "main beach",
          "maudsland",
          "mermaid beach",
          "mermaid waters",
          "merrimac",
          "miami",
          "molendinar",
          "mount nathan",
          "mudgeeraba",
          "natural bridge",
          "nerang",
          "neranwood",
          "norwell",
          "numinbah valley",
          "ormeau",
          "ormeau hills",
          "oxenford",
          "pacific pines",
          "palm beach",
          "paradise point",
          "parkwood",
          "pimpama",
          "reedy creek",
          "robina",
          "runaway bay",
          "south stradbroke",
          "southport",
          "springbrook",
          "stapylton",
          "steiglitz",
          "surfers paradise",
          "tallai",
          "tallebudgera",
          "tallebudgera valley",
          "tugun",
          "upper coomera",
          "varsity lakes",
          "willow vale",
          "wongawallan",
          "woongoolba",
          "worongary",
          "yatala"
      ]
  },
  {
      "name": "Goondiwindi Regional Council",
      "suburbs": [
          "beebo",
          "billa billa",
          "bonshaw",
          "boondandilla",
          "brush creek",
          "bungunya",
          "bybera",
          "calingunee",
          "callandoon",
          "canning creek",
          "cement mills",
          "coolmunda",
          "daymar",
          "glenarbon",
          "goodar",
          "goondiwindi",
          "gore",
          "greenup",
          "inglewood",
          "kindon",
          "kioma",
          "kurumbul",
          "limevale",
          "lundavra",
          "maidenhead",
          "moonie",
          "mosquito creek",
          "mungindi",
          "north bungunya",
          "north talwood",
          "oman ama",
          "riverton",
          "silver spur",
          "smithlea",
          "south talwood",
          "tarawera",
          "terrica",
          "texas",
          "toobeah",
          "warroo",
          "watsons crossing",
          "weengallon",
          "whetstone",
          "wondalli",
          "wyaga",
          "yagaburne",
          "yelarbon"
      ]
  },
  {
      "name": "Gympie Regional Council",
      "suburbs": [
          "amamoor",
          "amamoor creek",
          "anderleigh",
          "araluen",
          "banks pocket",
          "barambah",
          "beenaam valley",
          "bella creek",
          "bells bridge",
          "black snake",
          "bollier",
          "boonara",
          "booubyjan",
          "brooloo",
          "calico creek",
          "canina",
          "carters ridge",
          "cedar pocket",
          "chatsworth",
          "cinnabar",
          "coles creek",
          "cooloola",
          "cooloola cove",
          "coondoo",
          "corella",
          "crownthorpe",
          "curra",
          "dagun",
          "downsfield",
          "east deep creek",
          "elgin vale",
          "fishermans pocket",
          "gilldora",
          "glanmire",
          "glastonbury",
          "glen echo",
          "glenwood",
          "goomboorian",
          "goomeri",
          "goomeribong",
          "greens creek",
          "gunalda",
          "gympie",
          "imbil",
          "inskip",
          "johnstown",
          "jones hill",
          "kandanga",
          "kandanga creek",
          "kanigan",
          "kia ora",
          "kilkivan",
          "kinbombi",
          "kybong",
          "lagoon pocket",
          "lake borumba",
          "langshaw",
          "long flat",
          "lower wonga",
          "manumbar",
          "manyung",
          "marys creek",
          "mcintosh creek",
          "melawondi",
          "miva",
          "monkland",
          "mooloo",
          "mothar mountain",
          "moy pocket",
          "mudlo",
          "munna creek",
          "nahrunda",
          "neerdie",
          "neusa vale",
          "north deep creek",
          "oakview",
          "pie creek",
          "rainbow beach",
          "ross creek",
          "scotchy pocket",
          "scrubby creek",
          "sexton",
          "southside",
          "tamaree",
          "tandur",
          "tansey",
          "the dawn",
          "the palms",
          "theebine",
          "tin can bay",
          "toolara forest",
          "traveston",
          "tuan forest",
          "tuchekoi",
          "two mile",
          "upper glastonbury",
          "upper kandanga",
          "veteran",
          "victory heights",
          "wallu",
          "widgee",
          "widgee crossing north",
          "widgee crossing south",
          "wilsons pocket",
          "windera",
          "wolvi",
          "woolooga",
          "woondum",
          "wrattens forest"
      ]
  },
  {
      "name": "Hinchinbrook Shire Council",
      "suburbs": [
          "abergowrie",
          "bambaroo",
          "bemerside",
          "blackrock",
          "braemeadows",
          "coolbie",
          "cordelia",
          "dalrymple creek",
          "foresthome",
          "forrest beach",
          "gairloch",
          "garrawalt",
          "halifax",
          "hawkins creek",
          "helens hill",
          "ingham",
          "lannercost",
          "long pocket",
          "lucinda",
          "macknade",
          "mount fox",
          "orient",
          "palm island",
          "peacock siding",
          "taylors beach",
          "toobanna",
          "trebonne",
          "upper stone",
          "victoria plantation",
          "wallaman",
          "wharps",
          "yuruga"
      ]
  },
  {
      "name": "Hope Vale Aboriginal Shire Council",
      "suburbs": [
          "hope vale"
      ]
  },
  {
      "name": "Ipswich City Council",
      "suburbs": [
          "amberley",
          "ashwell",
          "augustine heights",
          "barellan point",
          "basin pocket",
          "bellbird park",
          "blacksoil",
          "blackstone",
          "booval",
          "brassall",
          "brookwater",
          "bundamba",
          "calvert",
          "camira",
          "carole park",
          "churchill",
          "chuwar",
          "coalfalls",
          "collingwood park",
          "deebing heights",
          "dinmore",
          "east ipswich",
          "eastern heights",
          "ebbw vale",
          "ebenezer",
          "flinders view",
          "gailes",
          "goodna",
          "goolman",
          "grandchester",
          "haigslea",
          "ipswich",
          "ironbark",
          "jeebropilly",
          "karalee",
          "karrabin",
          "lanefield",
          "leichhardt",
          "lower mount walker",
          "marburg",
          "moores pocket",
          "mount forbes",
          "mount marrow",
          "mount mort",
          "mount walker west",
          "muirlea",
          "mutdapilly",
          "new chum",
          "newtown",
          "north booval",
          "north ipswich",
          "north tivoli",
          "one mile",
          "peak crossing",
          "pine mountain",
          "purga",
          "raceview",
          "redbank",
          "redbank plains",
          "ripley",
          "riverview",
          "rosewood",
          "sadliers crossing",
          "silkstone",
          "south ripley",
          "spring mountain",
          "springfield",
          "springfield central",
          "springfield lakes",
          "swanbank",
          "tallegalla",
          "thagoona",
          "the bluff",
          "tivoli",
          "walloon",
          "west ipswich",
          "white rock",
          "willowbank",
          "woodend",
          "woolshed",
          "wulkuraka",
          "yamanto"
      ]
  },
  {
      "name": "Isaac Regional Council",
      "suburbs": [
          "belyando",
          "blue mountain",
          "burton",
          "carmila",
          "clairview",
          "clarke creek",
          "clermont",
          "collaroy",
          "coppabella",
          "dysart",
          "eaglefield",
          "elgin",
          "elphinstone",
          "epsom",
          "frankfield",
          "gemini mountains",
          "glenden",
          "hail creek",
          "ilbilbie",
          "kemmis",
          "kilcummin",
          "laglan",
          "lotus creek",
          "mackenzie river",
          "may downs",
          "middlemount",
          "mistake creek",
          "moranbah",
          "mount britton",
          "nebo",
          "oxford",
          "pasha",
          "peak vale",
          "quetta",
          "st lawrence",
          "strathfield",
          "suttor",
          "turrawulla",
          "valkyrie",
          "winchester",
          "wolfang"
      ]
  },
  {
      "name": "Kowanyama Aboriginal Shire Council",
      "suburbs": [
          "kowanyama"
      ]
  },
  {
      "name": "Livingstone Shire Council",
      "suburbs": [
          "adelaide park",
          "bangalee",
          "barlows hill",
          "barmaryee",
          "barmoya",
          "bondoola",
          "bungundarra",
          "byfield",
          "canal creek",
          "canoona",
          "causeway lake",
          "cawarral",
          "cobraball",
          "cooee bay",
          "coorooman",
          "coowonga",
          "emu park",
          "etna creek",
          "farnborough",
          "glendale",
          "glenlee",
          "greenlake",
          "hidden valley",
          "inverness",
          "ironpot",
          "jardine",
          "joskeleigh",
          "keppel sands",
          "kinka beach",
          "kunwarara",
          "lake mary",
          "lakes creek",
          "lammermoor",
          "marlborough",
          "maryvale",
          "meikleville hill",
          "milman",
          "mount chalmers",
          "mount gardiner",
          "mulambin",
          "mulara",
          "nankin",
          "nerimbera",
          "ogmore",
          "pacific heights",
          "rockyview",
          "rosslyn",
          "rossmoya",
          "sandringham",
          "shoalwater",
          "stanage",
          "stockyard",
          "tanby",
          "taranganba",
          "taroomball",
          "the caves",
          "the keppels",
          "thompson point",
          "tungamull",
          "wattlebank",
          "weerriba",
          "woodbury",
          "yaamba",
          "yeppoon",
          "zilzie"
      ]
  },
  {
      "name": "Lockhart River Aboriginal Shire Council",
      "suburbs": [
          "lockhart river"
      ]
  },
  {
      "name": "Lockyer Valley Regional Council",
      "suburbs": [
          "adare",
          "ballard",
          "black duck creek",
          "blanchview",
          "blenheim",
          "brightview",
          "buaraba south",
          "caffey",
          "carpendale",
          "churchable",
          "college view",
          "crowley vale",
          "derrymore",
          "east haldon",
          "egypt",
          "fifteen mile",
          "flagstone creek",
          "fordsdale",
          "forest hill",
          "gatton",
          "glen cairn",
          "glenore grove",
          "grantham",
          "hatton vale",
          "helidon",
          "helidon spa",
          "ingoldsby",
          "iredale",
          "junction view",
          "kensington grove",
          "kentville",
          "laidley",
          "laidley creek west",
          "laidley heights",
          "laidley north",
          "laidley south",
          "lake clarendon",
          "lawes",
          "lefthand branch",
          "lilydale",
          "lockrose",
          "lockyer",
          "lockyer waters",
          "lower tenthill",
          "lynford",
          "ma ma creek",
          "morton vale",
          "mount berryman",
          "mount sylvia",
          "mount whitestone",
          "mulgowie",
          "murphys creek",
          "placid hills",
          "plainland",
          "postmans ridge",
          "preston",
          "regency downs",
          "ringwood",
          "rockmount",
          "rockside",
          "ropeley",
          "seventeen mile",
          "silver ridge",
          "spring creek",
          "stockyard",
          "summerholm",
          "thornton",
          "townson",
          "upper flagstone",
          "upper lockyer",
          "upper tenthill",
          "veradilla",
          "vinegar hill",
          "west haldon",
          "white mountain",
          "winwill",
          "withcott",
          "woodbine",
          "woodlands"
      ]
  },
  {
      "name": "Logan City Council",
      "suburbs": [
          "bahrs scrub",
          "bannockburn",
          "beenleigh",
          "belivah",
          "berrinba",
          "bethania",
          "boronia heights",
          "browns plains",
          "buccan",
          "carbrook",
          "cedar creek",
          "cedar grove",
          "cedar vale",
          "chambers flat",
          "cornubia",
          "crestmead",
          "daisy hill",
          "eagleby",
          "edens landing",
          "flagstone",
          "flinders lakes",
          "forestdale",
          "glenlogan",
          "greenbank",
          "heritage park",
          "hillcrest",
          "holmview",
          "jimboomba",
          "kagaru",
          "kairabah",
          "kingston",
          "logan central",
          "logan reserve",
          "logan village",
          "loganholme",
          "loganlea",
          "lyons",
          "marsden",
          "meadowbrook",
          "monarch glen",
          "mount warren park",
          "mundoolun",
          "munruben",
          "new beith",
          "north maclean",
          "park ridge",
          "park ridge south",
          "priestdale",
          "regents park",
          "riverbend",
          "rochedale south",
          "shailer park",
          "silverbark ridge",
          "slacks creek",
          "south maclean",
          "springwood",
          "stockleigh",
          "tamborine",
          "tanah merah",
          "underwood",
          "undullah",
          "veresdale",
          "veresdale scrub",
          "waterford",
          "waterford west",
          "windaroo",
          "wolffdene",
          "woodhill",
          "woodridge",
          "yarrabilba"
      ]
  },
  {
      "name": "Longreach Regional Council",
      "suburbs": [
          "ilfracombe",
          "isisford",
          "longreach"
      ]
  },
  {
      "name": "Mackay Regional Council",
      "suburbs": [
          "alexandra",
          "alligator creek",
          "andergrove",
          "armstrong beach",
          "bakers creek",
          "balberra",
          "ball bay",
          "balnagowan",
          "beaconsfield",
          "belmunda",
          "benholme",
          "blacks beach",
          "bloomsbury",
          "brightly",
          "broken river",
          "bucasia",
          "calen",
          "campwin beach",
          "cape hillsborough",
          "chelona",
          "coral sea",
          "crediton",
          "cremorne",
          "dalrymple heights",
          "devereux creek",
          "dolphin heads",
          "dows creek",
          "dumbleton",
          "dunnrock",
          "east mackay",
          "eimeo",
          "erakala",
          "eton",
          "eungella",
          "eungella dam",
          "eungella hinterland",
          "farleigh",
          "finch hatton",
          "foulden",
          "freshwater point",
          "gargett",
          "glenella",
          "grasstree beach",
          "greenmount",
          "habana",
          "haliday bay",
          "hampden",
          "hay point",
          "hazledean",
          "homebush",
          "kinchant dam",
          "koumala",
          "kuttabul",
          "laguna quays",
          "mackay",
          "mackay harbour",
          "marian",
          "mcewens beach",
          "mentmore",
          "mia mia",
          "midge point",
          "mirani",
          "mount charlton",
          "mount jukes",
          "mount martin",
          "mount ossa",
          "mount pelion",
          "mount pleasant",
          "munbura",
          "netherdale",
          "nindaroo",
          "north eton",
          "north mackay",
          "oakenden",
          "ooralea",
          "owens creek",
          "paget",
          "palmyra",
          "pindi pindi",
          "pinevale",
          "pinnacle",
          "pleystowe",
          "racecourse",
          "richmond",
          "rosella",
          "rural view",
          "sandiford",
          "sarina",
          "sarina beach",
          "sarina range",
          "seaforth",
          "septimus",
          "shoal point",
          "slade point",
          "south mackay",
          "st helens beach",
          "sunnyside",
          "te kowai",
          "the leap",
          "victoria plains",
          "walkerston",
          "west mackay",
          "yalboroo"
      ]
  },
  {
      "name": "Mapoon Aboriginal Shire Council",
      "suburbs": [
          "mapoon"
      ]
  },
  {
      "name": "Maranoa Regional Council",
      "suburbs": [
          "amby",
          "baffle west",
          "ballaroo",
          "bargunyah",
          "begonia",
          "beilba",
          "bindebango",
          "blythdale",
          "bungeworgorai",
          "bungil",
          "bymount",
          "cornwall",
          "dargal road",
          "dunkeld",
          "durham downs",
          "eumamurrin",
          "eurella",
          "euthulla",
          "forestvale",
          "glenmorgan",
          "gunnewin",
          "highland plains",
          "hodgson",
          "hutton creek",
          "injune",
          "jackson",
          "jackson north",
          "jackson south",
          "kilmorey falls",
          "mitchell",
          "mooga",
          "mount abundance",
          "mount bindango",
          "mount howe",
          "mount hutton",
          "mount moffatt",
          "muckadilla",
          "mungallala",
          "mungallala south",
          "noorindoo",
          "oberina",
          "orallo",
          "orange hill",
          "parknook",
          "pickanjinnie",
          "pony hills",
          "redford",
          "roma",
          "simmie",
          "surat",
          "teelba",
          "tingun",
          "tyrconnel",
          "upper dawson",
          "v gate",
          "walhallow",
          "wallumbilla",
          "wallumbilla north",
          "wallumbilla south",
          "warkon",
          "wellesley",
          "weribone",
          "westgrove",
          "womalilla",
          "womblebank",
          "wycombe",
          "yuleba",
          "yuleba north",
          "yuleba south"
      ]
  },
  {
      "name": "Mareeba Shire Council",
      "suburbs": [
          "almaden",
          "amber",
          "arbouin",
          "arriga",
          "barwidgi",
          "bellevue",
          "biboohra",
          "bolwarra",
          "bulleringa",
          "chewko",
          "chillagoe",
          "crystalbrook",
          "desailly",
          "dimbulah",
          "forty mile",
          "fossilbrook",
          "gamboola",
          "glen russell",
          "groganville",
          "highbury",
          "hurricane",
          "irvinebank",
          "julatten",
          "koah",
          "kuranda",
          "lyndside",
          "mareeba",
          "mona mona",
          "mount carbine",
          "mount molloy",
          "mount mulgrave",
          "mount mulligan",
          "munderra",
          "mutchilba",
          "nychum",
          "paddys green",
          "petford",
          "ravensworth",
          "red river",
          "rookwood",
          "southedge",
          "speewah",
          "springfield",
          "staaten",
          "strathmore",
          "thornborough",
          "watsonville",
          "wrotham"
      ]
  },
  {
      "name": "McKinlay Shire Council",
      "suburbs": [
          "julia creek",
          "kynuna",
          "malpas-trenton",
          "mckinlay",
          "taldora"
      ]
  },
  {
      "name": "Moreton Bay Regional Council",
      "suburbs": [
          "albany creek",
          "arana hills",
          "armstrong creek",
          "banksia beach",
          "beachmere",
          "bellara",
          "bellmere",
          "bellthorpe",
          "bongaree",
          "booroobin",
          "bracalba",
          "bray park",
          "brendale",
          "bunya",
          "burpengary",
          "burpengary east",
          "caboolture",
          "caboolture south",
          "camp mountain",
          "campbells pocket",
          "cashmere",
          "cedar creek",
          "cedarton",
          "clear mountain",
          "clontarf",
          "closeburn",
          "commissioners flat",
          "d 'aguilar",
          "dakabin",
          "dayboro",
          "deception bay",
          "delaneys creek",
          "donnybrook",
          "draper",
          "eatons hill",
          "elimbah",
          "everton hills",
          "ferny hills",
          "godwin beach",
          "griffin",
          "highvale",
          "jollys lookout",
          "joyner",
          "kallangur",
          "king scrub",
          "kippa-ring",
          "kobble creek",
          "kurwongbah",
          "laceys creek",
          "lawnton",
          "mango hill",
          "margate",
          "meldale",
          "moodlu",
          "moorina",
          "morayfield",
          "mount delaney",
          "mount glorious",
          "mount mee",
          "mount nebo",
          "mount pleasant",
          "mount samson",
          "murrumba downs",
          "narangba",
          "neurum",
          "newport",
          "ningi",
          "north lakes",
          "ocean view",
          "petrie",
          "redcliffe",
          "rocksberg",
          "rothwell",
          "rush creek",
          "samford valley",
          "samford village",
          "samsonvale",
          "sandstone point",
          "scarborough",
          "stanmore",
          "stony creek",
          "strathpine",
          "toorbul",
          "upper caboolture",
          "wamuran",
          "wamuran basin",
          "warner",
          "welsby",
          "white patch",
          "whiteside",
          "wights mountain",
          "woodford",
          "woody point",
          "woorim",
          "yugar"
      ]
  },
  {
      "name": "Mornington Shire Council",
      "suburbs": [
          "sweers island",
          "wellesley islands"
      ]
  },
  {
      "name": "Mount Isa City Council",
      "suburbs": [
          "barkly",
          "breakaway",
          "camooweal",
          "fisher",
          "gunpowder",
          "happy valley",
          "healy",
          "kalkadoon",
          "lanskey",
          "lawn hill",
          "menzies",
          "mica creek",
          "miles end",
          "mornington",
          "mount isa",
          "mount isa city",
          "parkside",
          "pioneer",
          "ryan",
          "soldiers hill",
          "spreadborough",
          "sunset",
          "the gap",
          "townview",
          "winston"
      ]
  },
  {
      "name": "Murweh Shire Council",
      "suburbs": [
          "augathella",
          "bakers bend",
          "boatman",
          "caroline crossing",
          "charleville",
          "clara creek",
          "cooladdi",
          "gowrie station",
          "langlo",
          "morven",
          "murweh",
          "nive",
          "redford",
          "riversleigh",
          "sommariva",
          "tyrconnel",
          "upper warrego",
          "ward"
      ]
  },
  {
      "name": "Napranum Aboriginal Shire Council",
      "suburbs": [
          "mission river"
      ]
  },
  {
      "name": "Noosa Shire Council",
      "suburbs": [
          "black mountain",
          "boreen point",
          "castaways beach",
          "como",
          "cooran",
          "cooroibah",
          "cooroy",
          "cooroy mountain",
          "cootharaba",
          "doonan",
          "eerwah vale",
          "federal",
          "kin kin",
          "lake macdonald",
          "marcus beach",
          "noosa heads",
          "noosa north shore",
          "noosaville",
          "peregian beach",
          "pinbarren",
          "pomona",
          "ridgewood",
          "ringtail creek",
          "sunrise beach",
          "sunshine beach",
          "tewantin",
          "tinbeerwah"
      ]
  },
  {
      "name": "North Burnett Regional Council",
      "suburbs": [
          "abercorn",
          "aranbanga",
          "ban ban",
          "ban ban springs",
          "bancroft",
          "barlyne",
          "beeron",
          "biggenden",
          "binjour",
          "blairmore",
          "bon accord",
          "boynewood",
          "branch creek",
          "brovinia",
          "bukali",
          "byrnestown",
          "campbell creek",
          "cania",
          "cannindah",
          "cattle creek",
          "ceratodus",
          "cheltenham",
          "coalstoun lakes",
          "coominglah",
          "coominglah forest",
          "coonambula",
          "coringa",
          "cynthia",
          "dallarnil",
          "deep creek",
          "degilbo",
          "derri derra",
          "didcot",
          "dirnbir",
          "dundarrah",
          "dykehead",
          "eidsvold",
          "eidsvold east",
          "eidsvold west",
          "gayndah",
          "ginoondan",
          "glenleigh",
          "glenrae",
          "golden fleece",
          "good night",
          "gooroolba",
          "grosvenor",
          "gurgeena",
          "harrami",
          "harriet",
          "hawkwood",
          "humphery",
          "ideraway",
          "kalpowar",
          "kapaldo",
          "lakeside",
          "langley",
          "malmoe",
          "mingo",
          "monal",
          "monogorilby",
          "monto",
          "moonford",
          "mount debateable",
          "mount lawless",
          "mount perry",
          "mount steadman",
          "mulgildie",
          "mundowran",
          "mundubbera",
          "mungungo",
          "mungy",
          "o 'bil bil",
          "old cooranga",
          "penwhaupell",
          "philpott",
          "pile gully",
          "rawbelle",
          "reids creek",
          "riverleigh",
          "selene",
          "splinter creek",
          "stockhaven",
          "tellebang",
          "the limits",
          "three moon",
          "toondahra",
          "ventnor",
          "wahoon",
          "wateranga",
          "wetheron",
          "wilson valley",
          "woodmillar",
          "woowoonga",
          "wuruma dam",
          "yarrol",
          "yenda"
      ]
  },
  {
      "name": "Northern Peninsula Area Regional Council",
      "suburbs": [
          "bamaga",
          "injinoo",
          "new mapoon",
          "seisia",
          "somerset",
          "umagico"
      ]
  },
  {
      "name": "Palm Island Aboriginal Shire Council",
      "suburbs": [
          "palm island"
      ]
  },
  {
      "name": "Paroo Shire Council",
      "suburbs": [
          "barringun",
          "coongoola",
          "cunnamulla",
          "cuttaburra",
          "eulo",
          "humeburn",
          "hungerford",
          "jobs gate",
          "linden",
          "nebine",
          "noorama",
          "tuen",
          "widgeegoara",
          "wyandra",
          "yowah"
      ]
  },
  {
      "name": "Pormpuraaw Aboriginal Shire Council",
      "suburbs": [
          "pormpuraaw"
      ]
  },
  {
      "name": "Quilpie Shire Council",
      "suburbs": [
          "adavale",
          "eromanga",
          "quilpie"
      ]
  },
  {
      "name": "Redland City Council",
      "suburbs": [
          "alexandra hills",
          "amity",
          "birkdale",
          "capalaba",
          "cleveland",
          "coochiemudlo island",
          "dunwich",
          "karragarra island",
          "lamb island",
          "macleay island",
          "mount cotton",
          "north stradbroke island",
          "ormiston",
          "peel island",
          "point lookout",
          "redland bay",
          "russell island",
          "sheldon",
          "thorneside",
          "thornlands",
          "victoria point",
          "wellington point"
      ]
  },
  {
      "name": "Richmond Shire Council",
      "suburbs": [
          "albion",
          "burleigh",
          "cambridge",
          "maxwelton",
          "richmond",
          "saxby",
          "woolgar"
      ]
  },
  {
      "name": "Rockhampton Regional Council",
      "suburbs": [
          "allenstown",
          "alton downs",
          "bajool",
          "baree",
          "berserker",
          "boulder creek",
          "bouldercombe",
          "bushley",
          "dalma",
          "depot hill",
          "fairy bower",
          "fletcher creek",
          "frenchville",
          "garnant",
          "glenroy",
          "gogango",
          "gracemere",
          "hamilton creek",
          "horse creek",
          "johnsons hill",
          "kabra",
          "kalapa",
          "kawana",
          "koongal",
          "lakes creek",
          "leydens hill",
          "limestone",
          "limestone creek",
          "marmor",
          "midgee",
          "moongan",
          "morinish",
          "morinish south",
          "mount archer",
          "mount morgan",
          "nine mile",
          "nine mile creek",
          "norman gardens",
          "oakey creek",
          "park avenue",
          "parkhurst",
          "pink lily",
          "port alma",
          "port curtis",
          "ridgelands",
          "rockhampton city",
          "south yaamba",
          "stanwell",
          "struck oil",
          "the common",
          "the mine",
          "the range",
          "trotter creek",
          "walmul",
          "walterhall",
          "wandal",
          "west rockhampton",
          "westwood",
          "wura",
          "wycarbah"
      ]
  },
  {
      "name": "Scenic Rim Regional Council",
      "suburbs": [
          "allandale",
          "allenview",
          "anthony",
          "aratula",
          "barney view",
          "beaudesert",
          "beechmont",
          "benobble",
          "biddaddaba",
          "binna burra",
          "birnam",
          "blantyre",
          "boonah",
          "boyland",
          "bromelton",
          "bunburra",
          "bunjurgen",
          "burnett creek",
          "cainbable",
          "cannon creek",
          "canungra",
          "carneys creek",
          "charlwood",
          "chinghee creek",
          "christmas creek",
          "clumber",
          "coleyville",
          "coochin",
          "coulson",
          "croftby",
          "cryna",
          "darlington",
          "dugandan",
          "fassifern",
          "fassifern valley",
          "ferny glen",
          "flying fox",
          "frazerview",
          "frenches creek",
          "gleneagle",
          "harrisville",
          "hillview",
          "hoya",
          "illinbah",
          "innisplain",
          "josephville",
          "kagaru",
          "kalbar",
          "kents lagoon",
          "kents pocket",
          "kerry",
          "knapp creek",
          "kooralbyn",
          "kulgun",
          "lamington",
          "laravale",
          "limestone ridges",
          "lower mount walker",
          "maroon",
          "merryvale",
          "milbong",
          "milford",
          "milora",
          "moogerah",
          "moorang",
          "morwincha",
          "mount alford",
          "mount barney",
          "mount edwards",
          "mount forbes",
          "mount french",
          "mount gipps",
          "mount lindesay",
          "mount walker",
          "mount walker west",
          "munbilla",
          "mutdapilly",
          "nindooinbah",
          "o 'reilly",
          "oaky creek",
          "obum obum",
          "palen creek",
          "peak crossing",
          "radford",
          "rathdowney",
          "roadvale",
          "rosevale",
          "running creek",
          "sarabah",
          "silverdale",
          "southern lamington",
          "tabooba",
          "tabragalba",
          "tamborine",
          "tamborine mountain",
          "tamrookum",
          "tamrookum creek",
          "tarome",
          "templin",
          "teviotville",
          "undullah",
          "veresdale",
          "veresdale scrub",
          "wallaces creek",
          "warrill view",
          "washpool",
          "wilsons plains",
          "witheren",
          "wonglepong",
          "woolooman",
          "wyaralong"
      ]
  },
  {
      "name": "Somerset Regional Council",
      "suburbs": [
          "atkinsons dam",
          "avoca vale",
          "banks creek",
          "biarra",
          "borallon",
          "braemore",
          "brightview",
          "bryden",
          "buaraba",
          "caboonbah",
          "clarendon",
          "coal creek",
          "colinton",
          "cooeeimbardi",
          "coolana",
          "coominya",
          "cressbrook",
          "crossdale",
          "dundas",
          "england creek",
          "esk",
          "eskdale",
          "fairney view",
          "fernvale",
          "fulham",
          "glamorgan vale",
          "glen esk",
          "glenfern",
          "gregors creek",
          "haigslea",
          "harlin",
          "hazeldean",
          "ivory creek",
          "jimna",
          "kilcoy",
          "kingaham",
          "lake manchester",
          "lake wivenhoe",
          "lark hill",
          "linville",
          "lockrose",
          "lower cressbrook",
          "lowood",
          "marburg",
          "minden",
          "monsildale",
          "moombra",
          "moore",
          "mount archer",
          "mount beppo",
          "mount byron",
          "mount hallen",
          "mount kilcoy",
          "mount stanley",
          "mount tarampa",
          "murrumba",
          "ottaba",
          "patrick estate",
          "prenzlau",
          "redbank creek",
          "rifle range",
          "royston",
          "sandy creek",
          "scrub creek",
          "sheep station creek",
          "somerset dam",
          "split yard creek",
          "tarampa",
          "toogoolawah",
          "vernor",
          "villeneuve",
          "wanora",
          "westvale",
          "winya",
          "wivenhoe hill",
          "wivenhoe pocket",
          "woolmar",
          "yimbun"
      ]
  },
  {
      "name": "South Burnett Regional Council",
      "suburbs": [
          "abbeywood",
          "alice creek",
          "ballogie",
          "barker creek flat",
          "barlil",
          "benair",
          "benarkin",
          "benarkin north",
          "blackbutt",
          "blackbutt north",
          "blackbutt south",
          "booie",
          "boondooma",
          "boyneside",
          "brigooda",
          "brooklands",
          "bullcamp",
          "bunya mountains",
          "byee",
          "chahpingah",
          "charlestown",
          "chelmsford",
          "cloyna",
          "cobbs hill",
          "coolabunia",
          "corndale",
          "coverty",
          "crawford",
          "crownthorpe",
          "cushnie",
          "dangore",
          "durong",
          "east nanango",
          "ellesmere",
          "fairdale",
          "ficks crossing",
          "glan devon",
          "glenrock",
          "goodger",
          "gordonbrook",
          "greenview",
          "haly creek",
          "hivesville",
          "hodgleigh",
          "inverlaw",
          "ironpot",
          "johnstown",
          "kawl kawl",
          "keysland",
          "kingaroy",
          "kinleymore",
          "kitoba",
          "kumbia",
          "kunioon",
          "leafdale",
          "maidenwell",
          "mannuem",
          "manyung",
          "marshlands",
          "melrose",
          "memerambi",
          "merlwood",
          "moffatdale",
          "mondure",
          "moondooner",
          "mount mceuen",
          "mp creek",
          "murgon",
          "nanango",
          "neumgna",
          "nukku",
          "oakdale",
          "okeden",
          "pimpimbudgee",
          "proston",
          "redgate",
          "runnymede",
          "sandy ridges",
          "silverleaf",
          "south east nanango",
          "south nanango",
          "speedwell",
          "stalworth",
          "stonelands",
          "sunny nook",
          "taabinga",
          "tablelands",
          "taromeo",
          "tarong",
          "teelah",
          "tingoora",
          "warnung",
          "wattle camp",
          "wattle grove",
          "wengenville",
          "wheatlands",
          "wigton",
          "wilkesdale",
          "windera",
          "wondai",
          "wooroolin",
          "wooroonden",
          "wyalla"
      ]
  },
  {
      "name": "Southern Downs Regional Council",
      "suburbs": [
          "allan",
          "allora",
          "amiens",
          "applethorpe",
          "ballandean",
          "bapaume",
          "berat",
          "bony mountain",
          "broadwater",
          "canningvale",
          "cannon creek",
          "cherry gully",
          "clintonvale",
          "cottonvale",
          "cunningham",
          "dalcouth",
          "dalveen",
          "danderoo",
          "deuchar",
          "diamondvale",
          "elbow valley",
          "ellinthorp",
          "emu vale",
          "eukey",
          "fletcher",
          "fleurbaix",
          "forest springs",
          "freestone",
          "girraween",
          "gladfield",
          "glen aplin",
          "glen niven",
          "glengallan",
          "glenlyon",
          "goldfields",
          "goomburra",
          "greenlands",
          "greymare",
          "hendon",
          "junabee",
          "karara",
          "killarney",
          "kyoomba",
          "leslie",
          "leslie dam",
          "leyburn",
          "loch lomond",
          "lyra",
          "maryvale",
          "massie",
          "mingoola",
          "montrose",
          "morgan park",
          "mount colliery",
          "mount marshall",
          "mount sturt",
          "mount tabor",
          "mount tully",
          "murrays bridge",
          "north branch",
          "nundubbermere",
          "old talgai",
          "palgrave",
          "passchendaele",
          "pikedale",
          "pikes creek",
          "pozieres",
          "pratten",
          "rodgers creek",
          "rosehill",
          "rosenthal heights",
          "severnlea",
          "silverwood",
          "sladevale",
          "somme",
          "spring creek",
          "springdale",
          "stanthorpe",
          "storm king",
          "sugarloaf",
          "sundown",
          "swan creek",
          "swanfels",
          "talgai",
          "tannymorel",
          "thane",
          "thanes creek",
          "the falls",
          "the glen",
          "the head",
          "the hermitage",
          "the summit",
          "thorndale",
          "thulimbah",
          "toolburra",
          "tregony",
          "upper freestone",
          "upper pilton",
          "upper wheatvale",
          "victoria hill",
          "wallangarra",
          "warwick",
          "wheatvale",
          "wildash",
          "willowvale",
          "wiyarra",
          "womina",
          "wyberba",
          "yangan"
      ]
  },
  {
      "name": "Sunshine Coast Regional Council",
      "suburbs": [
          "alexandra headland",
          "aroona",
          "bald knob",
          "balmoral ridge",
          "baringa",
          "battery hill",
          "beerburrum",
          "beerwah",
          "belli park",
          "bells creek",
          "birtinya",
          "bli bli",
          "bokarina",
          "booroobin",
          "bribie island north",
          "bridges",
          "buddina",
          "buderim",
          "burnside",
          "caloundra",
          "caloundra west",
          "cambroon",
          "chevallum",
          "coes creek",
          "conondale",
          "coochin creek",
          "coolabine",
          "cooloolabin",
          "coolum beach",
          "crohamhurst",
          "curramore",
          "currimundi",
          "diamond valley",
          "dicky beach",
          "diddillibah",
          "doonan",
          "dulong",
          "eerwah vale",
          "elaman creek",
          "eudlo",
          "eumundi",
          "flaxton",
          "forest glen",
          "gheerulla",
          "glass house mountains",
          "glenview",
          "golden beach",
          "highworth",
          "hunchy",
          "ilkley",
          "image flat",
          "kenilworth",
          "kiamba",
          "kidaman creek",
          "kiels mountain",
          "kings beach",
          "kulangoor",
          "kuluin",
          "kunda park",
          "kureelpa",
          "landers shoot",
          "landsborough",
          "little mountain",
          "maleny",
          "mapleton",
          "marcoola",
          "maroochy river",
          "maroochydore",
          "meridan plains",
          "minyama",
          "moffat beach",
          "mons",
          "montville",
          "mooloolaba",
          "mooloolah valley",
          "mount coolum",
          "mount mellum",
          "mountain creek",
          "mudjimba",
          "nambour",
          "ninderry",
          "north arm",
          "north maleny",
          "obi obi",
          "pacific paradise",
          "palmview",
          "palmwoods",
          "parklands",
          "parrearra",
          "peachester",
          "pelican waters",
          "peregian beach",
          "peregian springs",
          "perwillowen",
          "point arkwright",
          "reesville",
          "rosemount",
          "shelly beach",
          "sippy downs",
          "tanawha",
          "towen mountain",
          "twin waters",
          "valdora",
          "verrierdale",
          "warana",
          "west woombye",
          "weyba downs",
          "witta",
          "woombye",
          "wootha",
          "wurtulla",
          "yandina",
          "yandina creek",
          "yaroomba"
      ]
  },
  {
      "name": "Tablelands Regional Council",
      "suburbs": [
          "atherton",
          "barrine",
          "beatrice",
          "butchers creek",
          "carrington",
          "danbulla",
          "east barron",
          "ellinjaa",
          "evelyn",
          "gadgarra",
          "glen allyn",
          "glen ruth",
          "gunnawarra",
          "herberton",
          "innot hot springs",
          "jaggan",
          "kaban",
          "kairi",
          "kalunga",
          "kirrama",
          "koombooloomba",
          "kureen",
          "lake barrine",
          "lake eacham",
          "lake tinaroo",
          "maalan",
          "malanda",
          "middlebrook",
          "millaa millaa",
          "millstream",
          "minbun",
          "minnamoolka",
          "moomin",
          "moregatta",
          "mount garnet",
          "mungalli",
          "north johnstone",
          "palmerston",
          "peeramon",
          "ravenshoe",
          "silver valley",
          "tarzali",
          "tinaroo",
          "tolga",
          "topaz",
          "tumoulin",
          "upper barron",
          "wairuna",
          "walkamin",
          "wondecla",
          "wongabel",
          "wooroonooran",
          "yungaburra"
      ]
  },
  {
      "name": "Toowoomba Regional Council",
      "suburbs": [
          "acland",
          "anduramba",
          "ascot",
          "athol",
          "aubigny",
          "back plains",
          "balgowan",
          "bergen",
          "biddeston",
          "birnam",
          "blue mountain heights",
          "bongeen",
          "boodua",
          "bowenville",
          "branchview",
          "bringalily",
          "brookstead",
          "broxburn",
          "brymaroo",
          "budgee",
          "bulli creek",
          "cabarlah",
          "cambooya",
          "canning creek",
          "captains mountain",
          "cattle creek",
          "cawdor",
          "cecil plains",
          "centenary heights",
          "charlton",
          "cherry creek",
          "clifton",
          "clontarf",
          "coalbank",
          "condamine farms",
          "condamine plains",
          "cooyar",
          "cotswold hills",
          "cranley",
          "cressbrook creek",
          "crows nest",
          "cutella",
          "cypress gardens",
          "darling heights",
          "devon park",
          "djuan",
          "doctor creek",
          "domville",
          "douglas",
          "drayton",
          "dunmore",
          "east cooyar",
          "east greenmount",
          "east toowoomba",
          "ellangowan",
          "elphinstone",
          "emu creek",
          "evanslea",
          "evergreen",
          "felton",
          "felton south",
          "finnie",
          "forest ridge",
          "formartin",
          "geham",
          "gilla",
          "glenaven",
          "glencoe",
          "glenvale",
          "googa creek",
          "goombungee",
          "gowrie junction",
          "gowrie little plain",
          "gowrie mountain",
          "grapetree",
          "grassdale",
          "grays gate",
          "greenmount",
          "greenwood",
          "groomsville",
          "haden",
          "hampton",
          "harlaxton",
          "harristown",
          "headington hill",
          "highfields",
          "highgrove",
          "highland plains",
          "hirstglen",
          "hodgson vale",
          "irongate",
          "irvingdale",
          "jondaryan",
          "jones gully",
          "kearneys spring",
          "kelvinhaugh",
          "kilbirnie",
          "kincora",
          "kings creek",
          "kings siding",
          "kingsthorpe",
          "kleinton",
          "kooralgin",
          "kooroongarra",
          "kulpi",
          "kurrowah",
          "lavelle",
          "lemontree",
          "leyburn",
          "lilyvale",
          "linthorpe",
          "maclagan",
          "malling",
          "malu",
          "manapouri",
          "meringandan",
          "meringandan west",
          "merritts creek",
          "middle ridge",
          "millmerran",
          "millmerran downs",
          "millmerran woods",
          "millwood",
          "missen flat",
          "motley",
          "mount binga",
          "mount darry",
          "mount emlyn",
          "mount irving",
          "mount kynoch",
          "mount lofty",
          "mount luke",
          "mount molar",
          "mount moriah",
          "mount rascal",
          "mount tyson",
          "mountain camp",
          "muldu",
          "muniganeen",
          "nangwee",
          "narko",
          "nevilton",
          "newtown",
          "nobby",
          "north branch",
          "north maclagan",
          "north toowoomba",
          "norwin",
          "nutgrove",
          "oakey",
          "palmtree",
          "pampas",
          "pechey",
          "peranga",
          "perseverance",
          "pierces creek",
          "pilton",
          "pinelands",
          "pittsworth",
          "plainby",
          "preston",
          "prince henry heights",
          "punchs creek",
          "purrawunda",
          "quinalow",
          "ramsay",
          "rangemore",
          "rangeville",
          "ravensbourne",
          "redwood",
          "rockville",
          "rocky creek",
          "rosalie plains",
          "rossvale",
          "ryeford",
          "sabine",
          "sandy camp",
          "scrubby mountain",
          "silverleigh",
          "south toowoomba",
          "southbrook",
          "spring bluff",
          "spring creek",
          "springside",
          "st aubyn",
          "st helens",
          "st ruth",
          "stonehenge",
          "stoneleigh",
          "the bluff",
          "the pines",
          "thornville",
          "tipton",
          "toowoomba city",
          "top camp",
          "torrington",
          "tummaville",
          "turallin",
          "umbiram",
          "upper cooyar creek",
          "upper pilton",
          "upper pinelands",
          "upper yarraman",
          "vale view",
          "victoria hill",
          "wainui",
          "wattle ridge",
          "wellcamp",
          "west haldon",
          "west prairie",
          "westbrook",
          "western creek",
          "whichello",
          "wilsonton",
          "wilsonton heights",
          "woodleigh",
          "woolmer",
          "woondul",
          "wutul",
          "wyreema",
          "yalangur",
          "yandilla",
          "yargullen",
          "yarraman",
          "yarranlea"
      ]
  },
  {
      "name": "Torres Shire Council",
      "suburbs": [
          "horn",
          "injinoo",
          "jardine river",
          "prince of wales",
          "punsand",
          "somerset",
          "thursday island",
          "torres strait"
      ]
  },
  {
      "name": "Torres Strait Island Regional Council",
      "suburbs": [
          "badu island",
          "boigu island",
          "burrar islet",
          "erub island",
          "guijar islet",
          "iama island",
          "keriri island",
          "mabuiag island",
          "moa island",
          "poruma island",
          "saibai island",
          "ugar island",
          "warraber islet"
      ]
  },
  {
      "name": "Townsville City Council",
      "suburbs": [
          "aitkenvale",
          "alice river",
          "alligator creek",
          "annandale",
          "arcadia",
          "balgal beach",
          "barringha",
          "beach holm",
          "belgian gardens",
          "black river",
          "blue hills",
          "bluewater",
          "bluewater park",
          "bohle",
          "bohle plains",
          "brookhill",
          "burdell",
          "bushland beach",
          "calcium",
          "cape cleveland",
          "castle hill",
          "clemant",
          "cluden",
          "condon",
          "cosgrove",
          "cranbrook",
          "crystal creek",
          "cungulla",
          "currajong",
          "deeragun",
          "douglas",
          "florence bay",
          "garbutt",
          "granite vale",
          "gulliver",
          "gumlow",
          "heatley",
          "hermit park",
          "hervey range",
          "horseshoe bay",
          "hyde park",
          "idalia",
          "jensen",
          "julago",
          "kelso",
          "kirwan",
          "lynam",
          "majors creek",
          "mount elliot",
          "mount louisa",
          "mount low",
          "mount st john",
          "mount stuart",
          "mundingburra",
          "murray",
          "mutarnee",
          "mysterton",
          "nelly bay",
          "nome",
          "north ward",
          "oak valley",
          "oonoonba",
          "pallarenda",
          "paluma",
          "picnic bay",
          "pimlico",
          "pinnacles",
          "railway estate",
          "rangewood",
          "rasmussen",
          "reid river",
          "rollingstone",
          "roseneath",
          "ross river",
          "rosslea",
          "rowes bay",
          "saunders beach",
          "shaw",
          "shelly beach",
          "south townsville",
          "stuart",
          "thuringowa central",
          "toolakea",
          "toomulla",
          "toonpan",
          "town common",
          "townsville city",
          "vincent",
          "west end",
          "west point",
          "woodstock",
          "wulguru",
          "yabulu"
      ]
  },
  {
      "name": "Weipa Town Authority",
      "suburbs": [
          "evans landing",
          "nanum",
          "rocky point",
          "trunding",
          "weipa airport"
      ]
  },
  {
      "name": "Western Downs Regional Council",
      "suburbs": [
          "auburn",
          "baking board",
          "barakula",
          "barramornie",
          "beelbee",
          "bell",
          "blackswamp",
          "blaxland",
          "bogandilla",
          "boonarga",
          "brigalow",
          "bundi",
          "bungaban",
          "bunya mountains",
          "burncluith",
          "burra burri",
          "cadarga",
          "cameby",
          "canaga",
          "chances plain",
          "chinchilla",
          "clifford",
          "columboola",
          "condamine",
          "coomrith",
          "cooranga",
          "crossroads",
          "dalby",
          "dalwogon",
          "darr creek",
          "diamondy",
          "drillham",
          "drillham south",
          "ducklo",
          "dulacca",
          "durah",
          "eurombah",
          "fairyland",
          "flinton",
          "glenaubyn",
          "glenmorgan",
          "goombi",
          "goranba",
          "greenswamp",
          "grosmont",
          "guluguba",
          "gurulmundi",
          "halliford",
          "hannaford",
          "hookswood",
          "hopeland",
          "inglestone",
          "irvingdale",
          "jandowae",
          "jimbour east",
          "jimbour west",
          "jinghi",
          "kaimkillenbun",
          "kogan",
          "kowguran",
          "kragra",
          "kumbarilla",
          "langlands",
          "macalister",
          "marmadua",
          "meandarra",
          "miles",
          "montrose",
          "moola",
          "moonie",
          "moraby",
          "mowbullan",
          "myall park",
          "nandi",
          "nangram",
          "pelham",
          "pelican",
          "pine hills",
          "pirrinuan",
          "ranges bridge",
          "red hill",
          "roche creek",
          "rywung",
          "southwood",
          "springvale",
          "st ruth",
          "sujeewong",
          "tara",
          "taroom",
          "the gums",
          "tuckerang",
          "waikola",
          "wandoan",
          "warra",
          "weir river",
          "weranga",
          "westmar",
          "wieambilla",
          "woleebee",
          "wychie",
          "yulabilla"
      ]
  },
  {
      "name": "Whitsunday Regional Council",
      "suburbs": [
          "airlie beach",
          "andromache",
          "bogie",
          "bowen",
          "brandy creek",
          "breadalbane",
          "cannon valley",
          "cannonvale",
          "cape conway",
          "cape gloucester",
          "collinsville",
          "conway",
          "conway beach",
          "coral sea",
          "crystal brook",
          "dingo beach",
          "dittmer",
          "flametree",
          "foxdale",
          "glen isla",
          "goorganga creek",
          "goorganga plains",
          "gregory river",
          "gumlu",
          "gunyarra",
          "guthalungra",
          "hamilton plains",
          "hideaway bay",
          "jubilee pocket",
          "kelsey creek",
          "lake proserpine",
          "lethebrook",
          "mandalay",
          "mount coolon",
          "mount julian",
          "mount marlow",
          "mount pluto",
          "mount rooper",
          "mount wyatt",
          "myrtlevale",
          "newlands",
          "palm grove",
          "pauls pocket",
          "preston",
          "proserpine",
          "riordanvale",
          "scottville",
          "shute harbour",
          "silver creek",
          "springlands",
          "strathdickie",
          "sugarloaf",
          "thoopara",
          "whitsundays",
          "wilson beach",
          "woodwark"
      ]
  },
  {
      "name": "Winton Shire Council",
      "suburbs": [
          "corfield",
          "kynuna",
          "middleton",
          "opalton",
          "winton"
      ]
  },
  {
      "name": "Woorabinda Aboriginal Shire Council",
      "suburbs": [
          "balcomba",
          "bauhinia",
          "duaringa",
          "wallaroo",
          "woorabinda"
      ]
  },
  {
      "name": "Wujal Wujal Aboriginal Shire Council",
      "suburbs": [
          "wujal wujal"
      ]
  },
  {
      "name": "Yarrabah Aboriginal Shire Council",
      "suburbs": [
          "yarrabah"
      ]
  }
]