{"v":3,"stories":{"core-user-create-activity--docs":{"id":"core-user-create-activity--docs","title":"Core/User Create Activity","name":"Docs","importPath":"./src/modules/crm/stories/activity/UserCreateActivity.stories.tsx","tags":["docs","autodocs"],"storiesImports":[],"kind":"Core/User Create Activity","story":"Docs","parameters":{"__id":"core-user-create-activity--docs","docsOnly":true,"fileName":"./src/modules/crm/stories/activity/UserCreateActivity.stories.tsx"}},"core-user-create-activity--default":{"id":"core-user-create-activity--default","name":"Default","title":"Core/User Create Activity","importPath":"./src/modules/crm/stories/activity/UserCreateActivity.stories.tsx","tags":["story"],"kind":"Core/User Create Activity","story":"Default","parameters":{"__id":"core-user-create-activity--default","docsOnly":false,"fileName":"./src/modules/crm/stories/activity/UserCreateActivity.stories.tsx"}},"lawd-user-view-sales-opportunities-chart--docs":{"id":"lawd-user-view-sales-opportunities-chart--docs","title":"LAWD/User View Sales Opportunities Chart","name":"Docs","importPath":"./src/modules/lawd/stories/charts/SalesOpportunitiesChart.stories.tsx","tags":["docs","autodocs"],"storiesImports":[],"kind":"LAWD/User View Sales Opportunities Chart","story":"Docs","parameters":{"__id":"lawd-user-view-sales-opportunities-chart--docs","docsOnly":true,"fileName":"./src/modules/lawd/stories/charts/SalesOpportunitiesChart.stories.tsx"}},"lawd-user-view-sales-opportunities-chart--default":{"id":"lawd-user-view-sales-opportunities-chart--default","name":"Default","title":"LAWD/User View Sales Opportunities Chart","importPath":"./src/modules/lawd/stories/charts/SalesOpportunitiesChart.stories.tsx","tags":["story"],"kind":"LAWD/User View Sales Opportunities Chart","story":"Default","parameters":{"__id":"lawd-user-view-sales-opportunities-chart--default","docsOnly":false,"fileName":"./src/modules/lawd/stories/charts/SalesOpportunitiesChart.stories.tsx"}},"lawd-user-view-enquiry-volumes-chart--docs":{"id":"lawd-user-view-enquiry-volumes-chart--docs","title":"LAWD/User View Enquiry Volumes Chart","name":"Docs","importPath":"./src/modules/lawd/stories/charts/UserViewEnquiryVolumesChart.stories.tsx","tags":["docs","autodocs"],"storiesImports":[],"kind":"LAWD/User View Enquiry Volumes Chart","story":"Docs","parameters":{"__id":"lawd-user-view-enquiry-volumes-chart--docs","docsOnly":true,"fileName":"./src/modules/lawd/stories/charts/UserViewEnquiryVolumesChart.stories.tsx"}},"lawd-user-view-enquiry-volumes-chart--default":{"id":"lawd-user-view-enquiry-volumes-chart--default","name":"Default","title":"LAWD/User View Enquiry Volumes Chart","importPath":"./src/modules/lawd/stories/charts/UserViewEnquiryVolumesChart.stories.tsx","tags":["story"],"kind":"LAWD/User View Enquiry Volumes Chart","story":"Default","parameters":{"__id":"lawd-user-view-enquiry-volumes-chart--default","docsOnly":false,"fileName":"./src/modules/lawd/stories/charts/UserViewEnquiryVolumesChart.stories.tsx"}},"lawd-user-view-invoice-pipelines-chart--docs":{"id":"lawd-user-view-invoice-pipelines-chart--docs","title":"LAWD/User View Invoice & Pipelines Chart","name":"Docs","importPath":"./src/modules/lawd/stories/charts/UserViewInvoiceAndPipelinesChart.stories.tsx","tags":["docs","autodocs"],"storiesImports":[],"kind":"LAWD/User View Invoice & Pipelines Chart","story":"Docs","parameters":{"__id":"lawd-user-view-invoice-pipelines-chart--docs","docsOnly":true,"fileName":"./src/modules/lawd/stories/charts/UserViewInvoiceAndPipelinesChart.stories.tsx"}},"lawd-user-view-invoice-pipelines-chart--default":{"id":"lawd-user-view-invoice-pipelines-chart--default","name":"Default","title":"LAWD/User View Invoice & Pipelines Chart","importPath":"./src/modules/lawd/stories/charts/UserViewInvoiceAndPipelinesChart.stories.tsx","tags":["story"],"kind":"LAWD/User View Invoice & Pipelines Chart","story":"Default","parameters":{"__id":"lawd-user-view-invoice-pipelines-chart--default","docsOnly":false,"fileName":"./src/modules/lawd/stories/charts/UserViewInvoiceAndPipelinesChart.stories.tsx"}},"lawd-user-view-sales-job-chart--docs":{"id":"lawd-user-view-sales-job-chart--docs","title":"LAWD/User View Sales Job Chart","name":"Docs","importPath":"./src/modules/lawd/stories/charts/UserViewSalesJobChart.stories.tsx","tags":["LAWD","docs","autodocs"],"storiesImports":[],"kind":"LAWD/User View Sales Job Chart","story":"Docs","parameters":{"__id":"lawd-user-view-sales-job-chart--docs","docsOnly":true,"fileName":"./src/modules/lawd/stories/charts/UserViewSalesJobChart.stories.tsx"}},"lawd-user-view-sales-job-chart--default":{"id":"lawd-user-view-sales-job-chart--default","name":"Default","title":"LAWD/User View Sales Job Chart","importPath":"./src/modules/lawd/stories/charts/UserViewSalesJobChart.stories.tsx","tags":["LAWD","story"],"kind":"LAWD/User View Sales Job Chart","story":"Default","parameters":{"__id":"lawd-user-view-sales-job-chart--default","docsOnly":false,"fileName":"./src/modules/lawd/stories/charts/UserViewSalesJobChart.stories.tsx"}},"lawd-user-update-job--docs":{"id":"lawd-user-update-job--docs","title":"LAWD/User Update Job","name":"Docs","importPath":"./src/modules/lawd/stories/job/UserUpdateJob/index.stories.tsx","tags":["LAWD","docs","autodocs"],"storiesImports":[],"kind":"LAWD/User Update Job","story":"Docs","parameters":{"__id":"lawd-user-update-job--docs","docsOnly":true,"fileName":"./src/modules/lawd/stories/job/UserUpdateJob/index.stories.tsx"}},"lawd-user-update-job--update-selling-price":{"id":"lawd-user-update-job--update-selling-price","name":"UpdateSellingPrice","title":"LAWD/User Update Job","importPath":"./src/modules/lawd/stories/job/UserUpdateJob/index.stories.tsx","tags":["LAWD","story"],"kind":"LAWD/User Update Job","story":"UpdateSellingPrice","parameters":{"__id":"lawd-user-update-job--update-selling-price","docsOnly":false,"fileName":"./src/modules/lawd/stories/job/UserUpdateJob/index.stories.tsx"}},"lawd-user-view-job--docs":{"id":"lawd-user-view-job--docs","title":"LAWD/User View Job","name":"Docs","importPath":"./src/modules/lawd/stories/job/UserViewJob/index.stories.tsx","tags":["LAWD","docs","autodocs"],"storiesImports":[],"kind":"LAWD/User View Job","story":"Docs","parameters":{"__id":"lawd-user-view-job--docs","docsOnly":true,"fileName":"./src/modules/lawd/stories/job/UserViewJob/index.stories.tsx"}},"lawd-user-view-job--vew-job-details":{"id":"lawd-user-view-job--vew-job-details","name":"VewJobDetails","title":"LAWD/User View Job","importPath":"./src/modules/lawd/stories/job/UserViewJob/index.stories.tsx","tags":["LAWD","story"],"kind":"LAWD/User View Job","story":"VewJobDetails","parameters":{"__id":"lawd-user-view-job--vew-job-details","docsOnly":false,"fileName":"./src/modules/lawd/stories/job/UserViewJob/index.stories.tsx"}},"lawd-user-create-property--docs":{"id":"lawd-user-create-property--docs","title":"LAWD/User Create Property","name":"Docs","importPath":"./src/modules/lawd/stories/property/UserCreateProperty.stories.tsx","tags":["play-fn","docs","autodocs"],"storiesImports":[],"kind":"LAWD/User Create Property","story":"Docs","parameters":{"__id":"lawd-user-create-property--docs","docsOnly":true,"fileName":"./src/modules/lawd/stories/property/UserCreateProperty.stories.tsx"}},"lawd-user-create-property--default":{"id":"lawd-user-create-property--default","name":"Default","title":"LAWD/User Create Property","importPath":"./src/modules/lawd/stories/property/UserCreateProperty.stories.tsx","tags":["play-fn","story"],"kind":"LAWD/User Create Property","story":"Default","parameters":{"__id":"lawd-user-create-property--default","docsOnly":false,"fileName":"./src/modules/lawd/stories/property/UserCreateProperty.stories.tsx"}},"lawd-user-list-properties--docs":{"id":"lawd-user-list-properties--docs","title":"LAWD/User List Properties","name":"Docs","importPath":"./src/modules/lawd/stories/property/UserListProperties.stories.tsx","tags":["docs","autodocs"],"storiesImports":[],"kind":"LAWD/User List Properties","story":"Docs","parameters":{"__id":"lawd-user-list-properties--docs","docsOnly":true,"fileName":"./src/modules/lawd/stories/property/UserListProperties.stories.tsx"}},"lawd-user-list-properties--default":{"id":"lawd-user-list-properties--default","name":"Default","title":"LAWD/User List Properties","importPath":"./src/modules/lawd/stories/property/UserListProperties.stories.tsx","tags":["story"],"kind":"LAWD/User List Properties","story":"Default","parameters":{"__id":"lawd-user-list-properties--default","docsOnly":false,"fileName":"./src/modules/lawd/stories/property/UserListProperties.stories.tsx"}},"lawd-user-update-property--docs":{"id":"lawd-user-update-property--docs","title":"LAWD/User Update Property","name":"Docs","importPath":"./src/modules/lawd/stories/property/UserUpdateProperty.stories.tsx","tags":["docs","autodocs"],"storiesImports":[],"kind":"LAWD/User Update Property","story":"Docs","parameters":{"__id":"lawd-user-update-property--docs","docsOnly":true,"fileName":"./src/modules/lawd/stories/property/UserUpdateProperty.stories.tsx"}},"lawd-user-update-property--default":{"id":"lawd-user-update-property--default","name":"Default","title":"LAWD/User Update Property","importPath":"./src/modules/lawd/stories/property/UserUpdateProperty.stories.tsx","tags":["story"],"kind":"LAWD/User Update Property","story":"Default","parameters":{"__id":"lawd-user-update-property--default","docsOnly":false,"fileName":"./src/modules/lawd/stories/property/UserUpdateProperty.stories.tsx"}},"scheduler-display-calendar--docs":{"id":"scheduler-display-calendar--docs","title":"Scheduler/Display Calendar","name":"Docs","importPath":"./src/modules/scheduler/stories/full-calendar/DisplayCalendar/index.stories.tsx","tags":["docs","autodocs"],"storiesImports":[],"kind":"Scheduler/Display Calendar","story":"Docs","parameters":{"__id":"scheduler-display-calendar--docs","docsOnly":true,"fileName":"./src/modules/scheduler/stories/full-calendar/DisplayCalendar/index.stories.tsx"}},"scheduler-display-calendar--show-user-allocation":{"id":"scheduler-display-calendar--show-user-allocation","name":"ShowUserAllocation","title":"Scheduler/Display Calendar","importPath":"./src/modules/scheduler/stories/full-calendar/DisplayCalendar/index.stories.tsx","tags":["story"],"kind":"Scheduler/Display Calendar","story":"ShowUserAllocation","parameters":{"__id":"scheduler-display-calendar--show-user-allocation","docsOnly":false,"fileName":"./src/modules/scheduler/stories/full-calendar/DisplayCalendar/index.stories.tsx"}},"scheduler-display-calendar--move-allocation":{"id":"scheduler-display-calendar--move-allocation","name":"MoveAllocation","title":"Scheduler/Display Calendar","importPath":"./src/modules/scheduler/stories/full-calendar/DisplayCalendar/index.stories.tsx","tags":["story"],"kind":"Scheduler/Display Calendar","story":"MoveAllocation","parameters":{"__id":"scheduler-display-calendar--move-allocation","docsOnly":false,"fileName":"./src/modules/scheduler/stories/full-calendar/DisplayCalendar/index.stories.tsx"}},"scheduler-display-calendar--drag-allocation":{"id":"scheduler-display-calendar--drag-allocation","name":"DragAllocation","title":"Scheduler/Display Calendar","importPath":"./src/modules/scheduler/stories/full-calendar/DisplayCalendar/index.stories.tsx","tags":["story"],"kind":"Scheduler/Display Calendar","story":"DragAllocation","parameters":{"__id":"scheduler-display-calendar--drag-allocation","docsOnly":false,"fileName":"./src/modules/scheduler/stories/full-calendar/DisplayCalendar/index.stories.tsx"}}}}
