{"v":4,"entries":{"core-user-create-activity--docs":{"id":"core-user-create-activity--docs","title":"Core/User Create Activity","name":"Docs","importPath":"./src/modules/crm/stories/activity/UserCreateActivity.stories.tsx","type":"docs","tags":["docs","autodocs"],"storiesImports":[]},"core-user-create-activity--default":{"type":"story","id":"core-user-create-activity--default","name":"Default","title":"Core/User Create Activity","importPath":"./src/modules/crm/stories/activity/UserCreateActivity.stories.tsx","tags":["story"]},"lawd-user-view-sales-opportunities-chart--docs":{"id":"lawd-user-view-sales-opportunities-chart--docs","title":"LAWD/User View Sales Opportunities Chart","name":"Docs","importPath":"./src/modules/lawd/stories/charts/SalesOpportunitiesChart.stories.tsx","type":"docs","tags":["docs","autodocs"],"storiesImports":[]},"lawd-user-view-sales-opportunities-chart--default":{"type":"story","id":"lawd-user-view-sales-opportunities-chart--default","name":"Default","title":"LAWD/User View Sales Opportunities Chart","importPath":"./src/modules/lawd/stories/charts/SalesOpportunitiesChart.stories.tsx","tags":["story"]},"lawd-user-view-enquiry-volumes-chart--docs":{"id":"lawd-user-view-enquiry-volumes-chart--docs","title":"LAWD/User View Enquiry Volumes Chart","name":"Docs","importPath":"./src/modules/lawd/stories/charts/UserViewEnquiryVolumesChart.stories.tsx","type":"docs","tags":["docs","autodocs"],"storiesImports":[]},"lawd-user-view-enquiry-volumes-chart--default":{"type":"story","id":"lawd-user-view-enquiry-volumes-chart--default","name":"Default","title":"LAWD/User View Enquiry Volumes Chart","importPath":"./src/modules/lawd/stories/charts/UserViewEnquiryVolumesChart.stories.tsx","tags":["story"]},"lawd-user-view-invoice-pipelines-chart--docs":{"id":"lawd-user-view-invoice-pipelines-chart--docs","title":"LAWD/User View Invoice & Pipelines Chart","name":"Docs","importPath":"./src/modules/lawd/stories/charts/UserViewInvoiceAndPipelinesChart.stories.tsx","type":"docs","tags":["docs","autodocs"],"storiesImports":[]},"lawd-user-view-invoice-pipelines-chart--default":{"type":"story","id":"lawd-user-view-invoice-pipelines-chart--default","name":"Default","title":"LAWD/User View Invoice & Pipelines Chart","importPath":"./src/modules/lawd/stories/charts/UserViewInvoiceAndPipelinesChart.stories.tsx","tags":["story"]},"lawd-user-view-sales-job-chart--docs":{"id":"lawd-user-view-sales-job-chart--docs","title":"LAWD/User View Sales Job Chart","name":"Docs","importPath":"./src/modules/lawd/stories/charts/UserViewSalesJobChart.stories.tsx","type":"docs","tags":["LAWD","docs","autodocs"],"storiesImports":[]},"lawd-user-view-sales-job-chart--default":{"type":"story","id":"lawd-user-view-sales-job-chart--default","name":"Default","title":"LAWD/User View Sales Job Chart","importPath":"./src/modules/lawd/stories/charts/UserViewSalesJobChart.stories.tsx","tags":["LAWD","story"]},"lawd-user-update-job--docs":{"id":"lawd-user-update-job--docs","title":"LAWD/User Update Job","name":"Docs","importPath":"./src/modules/lawd/stories/job/UserUpdateJob/index.stories.tsx","type":"docs","tags":["LAWD","docs","autodocs"],"storiesImports":[]},"lawd-user-update-job--update-selling-price":{"type":"story","id":"lawd-user-update-job--update-selling-price","name":"UpdateSellingPrice","title":"LAWD/User Update Job","importPath":"./src/modules/lawd/stories/job/UserUpdateJob/index.stories.tsx","tags":["LAWD","story"]},"lawd-user-view-job--docs":{"id":"lawd-user-view-job--docs","title":"LAWD/User View Job","name":"Docs","importPath":"./src/modules/lawd/stories/job/UserViewJob/index.stories.tsx","type":"docs","tags":["LAWD","docs","autodocs"],"storiesImports":[]},"lawd-user-view-job--vew-job-details":{"type":"story","id":"lawd-user-view-job--vew-job-details","name":"VewJobDetails","title":"LAWD/User View Job","importPath":"./src/modules/lawd/stories/job/UserViewJob/index.stories.tsx","tags":["LAWD","story"]},"lawd-user-create-property--docs":{"id":"lawd-user-create-property--docs","title":"LAWD/User Create Property","name":"Docs","importPath":"./src/modules/lawd/stories/property/UserCreateProperty.stories.tsx","type":"docs","tags":["play-fn","docs","autodocs"],"storiesImports":[]},"lawd-user-create-property--default":{"type":"story","id":"lawd-user-create-property--default","name":"Default","title":"LAWD/User Create Property","importPath":"./src/modules/lawd/stories/property/UserCreateProperty.stories.tsx","tags":["play-fn","story"]},"lawd-user-list-properties--docs":{"id":"lawd-user-list-properties--docs","title":"LAWD/User List Properties","name":"Docs","importPath":"./src/modules/lawd/stories/property/UserListProperties.stories.tsx","type":"docs","tags":["docs","autodocs"],"storiesImports":[]},"lawd-user-list-properties--default":{"type":"story","id":"lawd-user-list-properties--default","name":"Default","title":"LAWD/User List Properties","importPath":"./src/modules/lawd/stories/property/UserListProperties.stories.tsx","tags":["story"]},"lawd-user-update-property--docs":{"id":"lawd-user-update-property--docs","title":"LAWD/User Update Property","name":"Docs","importPath":"./src/modules/lawd/stories/property/UserUpdateProperty.stories.tsx","type":"docs","tags":["docs","autodocs"],"storiesImports":[]},"lawd-user-update-property--default":{"type":"story","id":"lawd-user-update-property--default","name":"Default","title":"LAWD/User Update Property","importPath":"./src/modules/lawd/stories/property/UserUpdateProperty.stories.tsx","tags":["story"]},"scheduler-display-calendar--docs":{"id":"scheduler-display-calendar--docs","title":"Scheduler/Display Calendar","name":"Docs","importPath":"./src/modules/scheduler/stories/full-calendar/DisplayCalendar/index.stories.tsx","type":"docs","tags":["docs","autodocs"],"storiesImports":[]},"scheduler-display-calendar--show-user-allocation":{"type":"story","id":"scheduler-display-calendar--show-user-allocation","name":"ShowUserAllocation","title":"Scheduler/Display Calendar","importPath":"./src/modules/scheduler/stories/full-calendar/DisplayCalendar/index.stories.tsx","tags":["story"]},"scheduler-display-calendar--move-allocation":{"type":"story","id":"scheduler-display-calendar--move-allocation","name":"MoveAllocation","title":"Scheduler/Display Calendar","importPath":"./src/modules/scheduler/stories/full-calendar/DisplayCalendar/index.stories.tsx","tags":["story"]},"scheduler-display-calendar--drag-allocation":{"type":"story","id":"scheduler-display-calendar--drag-allocation","name":"DragAllocation","title":"Scheduler/Display Calendar","importPath":"./src/modules/scheduler/stories/full-calendar/DisplayCalendar/index.stories.tsx","tags":["story"]}}}
